<?xml version="1.0" encoding="UTF-8"?>
<extentreports>
    <configuration>
        <!-- report theme -->
        <!-- standard, dark -->
        <theme>dark</theme>
    
        <!-- document encoding -->
        <!-- defaults to UTF-8 -->
        <encoding>UTF-8</encoding>
        
        <!-- protocol for script and stylesheets -->
        <!-- defaults to https -->
        <protocol>https</protocol>
        
        <!-- title of the document -->
        <documentTitle>Sanctions - Automation Test Report</documentTitle>
        
        <!-- report name - displayed at top-nav -->
        <reportName>Test Report: NetReveal Application</reportName>
		
		<!-- report headline - displayed at top-nav, after reportHeadline -->
        <reportHeadline>ReportHeadline</reportHeadline>

        <!-- timestamp format -->
        <timeStampFormat>dd MMM yyyy HH:mm:ss</timeStampFormat>
        
        <!-- location of charts in the test view -->
        <!-- top, bottom -->
        <testViewChartLocation>bottom</testViewChartLocation>
        
        <!-- custom javascript -->
        <scripts>
            <![CDATA[
                $(document).ready(function() {
                    $('.dashboard-view').click();
					$('.logo-content>span').remove();
					$('.logo-container').prepend('<img id="logo" src="Immune-it logo.jpg" />');
					$('.logo-content').removeAttr("href");
					$('.right.hide-on-med-and-down.nav-right').prepend('<li id="autorefresh" class="autorefresh" />');
					$('#autorefresh').append('<input type="checkbox" onclick="toggleAutoRefresh(this)" id="reloadCB" title="Set auto reload" />');
					$('#autorefresh').css({"visibility":"visible", "float":"left", "position":"inherit"})
					$('#reloadCB').css({"visibility":"visible", "position":"inherit"})
				});
				
				var reloading;

				function checkReloading() {
					if (window.location.hash=="#autoreload") {
						reloading=setTimeout("window.location.reload();", 60000);
						document.getElementById("reloadCB").checked=true;
					}
				}

				function toggleAutoRefresh(cb) {
					if (cb.checked) {
						window.location.replace("#autoreload");
						reloading=setTimeout("window.location.reload();", 60000);
					} else {
						window.location.replace("#");
						clearTimeout(reloading);
					}
				}

				window.onload=checkReloading;
            ]]>
        </scripts>
        
        <!-- custom styles -->
        <styles>
            <![CDATA[
				#logo{
					max-width:100%;
					max-height:100%;
					margin:0;
					padding:0;
					box-sizing:border-box;
				} 
            ]]>
        </styles>
    </configuration>
</extentreports>